id,visitDate,recordingTeam,visitNumber,fieldNarrative,createdAt,updatedAt,uniqueId,siteDescription,latitude,longitude,deleted,visitUIPath,siteType,researchValue,artifacts,tourismValue,stateOfConservation,recommendation,risk,period,assessmentType,keywords
1,2022-11-07,Alexandra Case; Ben Fischer,1,"Documentation of the area would’ve been quite extensive; therefore, a small collection of details has been provided and marked in GIS one through seven. The area does seem to have quite a bit of human disturbance including modern markings and vehicle tracks. The surrounding area has rocky dunes with limited shrubbery and sand roadways. No additional artifacts were seen, and 24 photos were taken. ",2022-11-09T17:27:31.195Z,2022-11-10T13:45:27.562Z,SEGIK68X-EBNR-FPHV-S0HN-HBKHYRFLRGFJ,"Pre-Islamic, Islamic, and modern inscription/rock art site. The site, located at the base of a cliff face in a wadi system, consists of an aeolian sandstone formation, approximately 2.5 to 3 m in height and 12 to 15 m in length. Inscriptions in Arabic and English are present on the north face of the sandstone formation and continue down onto a small flat area at the base. Arabic numerals, several written as dates, are also inscribed in this area. Additional carvings include hands, feet, possible animals, and linear markings. There are several deeper linear grooves running vertically north to south along the face of the sandstone formation with evidence of tire tracks. Possibly related to site N283 located on the opposite side of the wadi.",28.453292,35.177896,,http://localhost:3000/search-results/Events/SEGIK68X-EBNR-FPHV-S0HN-HBKHYRFLRGFJ,"[""Anchorage"",""Artifact Scatter""]","[""4.International""]","[""Observed""]","[""3.National""]","[""3.Fair""]","[""1.Protected""]","[""2.Possible Threat""]","[""Multi-Period"",""Late""]","[""Field-based""]","[""Egrp1""]"
4,2022-11-10,,2,"Documentation of the area would’ve been quite extensive; therefore, a small collection of details has been provided and marked in GIS one through seven. The area does seem to have quite a bit of human disturbance including modern markings and vehicle tracks. The surrounding area has rocky dunes with limited shrubbery and sand roadways. No additional artifacts were seen, and 24 photos were taken. ",2022-11-10T13:49:04.554Z,2022-11-10T13:49:04.554Z,CWSROAZR-DIF9-LSWB-4JK0-JDADJBGB6BNB,"Pre-Islamic, Islamic, and modern inscription/rock art site. The site, located at the base of a cliff face in a wadi system, consists of an aeolian sandstone formation, approximately 2.5 to 3 m in height and 12 to 15 m in length. Inscriptions in Arabic and English are present on the north face of the sandstone formation and continue down onto a small flat area at the base. Arabic numerals, several written as dates, are also inscribed in this area. Additional carvings include hands, feet, possible animals, and linear markings. There are several deeper linear grooves running vertically north to south along the face of the sandstone formation with evidence of tire tracks. Possibly related to site N283 located on the opposite side of the wadi.",28.45329,34.803,,http://localhost:3000/search-results/Events/CWSROAZR-DIF9-LSWB-4JK0-JDADJBGB6BNB,"[""Artifact Scatter"",""Inscription""]","[""2.Limited""]","[""Observed""]","[""3.National""]","[""2.Poor""]","[""1.Protected""]","[""3.Identifiable Threat""]","[""Islamic"",""Multi-Period""]","[""Remote sensing""]","[""egrp1""]"
2,2022-11-08,,1,The site is in a low-lying area adjacent to a fence and is possibly already disturbed by power line construction. No artifacts were noted at or around the site. Four photos were taken. Part of a larger feature which may include N00316 and N321. The channel is similar in construction to site N00321 and is likely the continuation or termination of that feature. The square rock structure may have been the outline of a water collection point or pool.,2022-11-09T17:49:13.338Z,2022-11-10T13:44:47.824Z,1TG1HAFN-7BZQ-FMAH-YFR7-J2YCFA5EQDP2,,28.075133,34.80304,,http://localhost:3000/search-results/Events/1TG1HAFN-7BZQ-FMAH-YFR7-J2YCFA5EQDP2,"[""Inscription"",""Rock art""]","[""4.International""]","[""Observed""]","[""3.National""]","[""3.Fair""]","[""2.Protected and rehabilitated""]","[""2.Possible Threat""]","[""Islamic"",""Multi-Period""]","[""Remote sensing""]","[""Egrp2""]"
3,2022-11-08,,1,"No artifacts were found, and 4 photos were taken. A linear point of the length of the feature was also traced in GIS. Related to sites N00316 and N00320 which have channels of similar construction.",2022-11-09T17:51:25.276Z,2022-11-10T13:45:11.110Z,SRECABLI-WZEH-6XTH-HXID-YPSIFB42RZ8W,"Late pre-Islamic/Islamic/Modern channel. The site, located in a low-lying area between Wadi Aynounah and the historical harbor at al-Khuraybah, consists of a linear channel that runs north to south for approximately 125 m. The channel is 1 m wide on average along its length. It has a rock and concretion mixture foundation and a sandstone base and walls. There is no evidence that the channel was covered. There is a small path that bisected the feature near its preserved midpoint. Part of the same channel/pool system as sites N316 and N320 nearby, although it may have been reworked in the modern period based on the different style of construction evidence along part of its length.; ",28.077201,35.17755,,http://localhost:3000/search-results/Events/SRECABLI-WZEH-6XTH-HXID-YPSIFB42RZ8W,"[""Rock art""]","[""3.National""]","[""Collected""]","[""2.Limited""]","[""2.Poor""]","[""0.No further action required""]","[""1.No Threat""]","[""Ottoman""]","[""Remote sensing verified in the field""]","[""Egrp3""]"
