id,uniqueId,bearing,description,title,fileName,longitude,latitude,createdAt,updatedAt,featuredImage,objectURL,referenceURL,citation,mediaUIPath,deleted,Author,categoryType,keywords,videoType,object
122,EDC17965-7718-4F34-842A-BEEC322BE5CA,NW,"Overview, N00334 Visit 1. Site overview.
",Overview of N00334 Visit 1,Photo 7-8-2022 8.58.31 AM.jpg,35.18187,28.092181,2022-10-20T20:31:48.244Z,2022-11-10T13:41:43.262Z,,,,,,,,"[""Overview""]",[],video,"{""id"":87,""name"":""EDC17965-7718-4F34-842A-BEEC322BE5CA.jpg"",""alternativeText"":""EDC17965-7718-4F34-842A-BEEC322BE5CA.jpg"",""caption"":""EDC17965-7718-4F34-842A-BEEC322BE5CA.jpg"",""width"":1050,""height"":788,""formats"":{""large"":{""ext"":"".jpg"",""url"":""/uploads/large_EDC_17965_7718_4_F34_842_A_BEEC_322_BE_5_CA_9acb8c9324.jpg"",""hash"":""large_EDC_17965_7718_4_F34_842_A_BEEC_322_BE_5_CA_9acb8c9324"",""mime"":""image/jpeg"",""name"":""large_EDC17965-7718-4F34-842A-BEEC322BE5CA.jpg"",""path"":null,""size"":214.3,""width"":1000,""height"":750},""small"":{""ext"":"".jpg"",""url"":""/uploads/small_EDC_17965_7718_4_F34_842_A_BEEC_322_BE_5_CA_9acb8c9324.jpg"",""hash"":""small_EDC_17965_7718_4_F34_842_A_BEEC_322_BE_5_CA_9acb8c9324"",""mime"":""image/jpeg"",""name"":""small_EDC17965-7718-4F34-842A-BEEC322BE5CA.jpg"",""path"":null,""size"":54.1,""width"":500,""height"":375},""medium"":{""ext"":"".jpg"",""url"":""/uploads/medium_EDC_17965_7718_4_F34_842_A_BEEC_322_BE_5_CA_9acb8c9324.jpg"",""hash"":""medium_EDC_17965_7718_4_F34_842_A_BEEC_322_BE_5_CA_9acb8c9324"",""mime"":""image/jpeg"",""name"":""medium_EDC17965-7718-4F34-842A-BEEC322BE5CA.jpg"",""path"":null,""size"":124.2,""width"":750,""height"":563},""thumbnail"":{""ext"":"".jpg"",""url"":""/uploads/thumbnail_EDC_17965_7718_4_F34_842_A_BEEC_322_BE_5_CA_9acb8c9324.jpg"",""hash"":""thumbnail_EDC_17965_7718_4_F34_842_A_BEEC_322_BE_5_CA_9acb8c9324"",""mime"":""image/jpeg"",""name"":""thumbnail_EDC17965-7718-4F34-842A-BEEC322BE5CA.jpg"",""path"":null,""size"":8.78,""width"":207,""height"":156}},""hash"":""EDC_17965_7718_4_F34_842_A_BEEC_322_BE_5_CA_9acb8c9324"",""ext"":"".jpg"",""mime"":""image/jpeg"",""size"":243.67,""url"":""/uploads/EDC_17965_7718_4_F34_842_A_BEEC_322_BE_5_CA_9acb8c9324.jpg"",""previewUrl"":null,""provider"":""local"",""provider_metadata"":null,""folderPath"":""/"",""createdAt"":""2022-10-14T21:09:52.156Z"",""updatedAt"":""2022-10-14T21:09:52.156Z""}"
130,B1F9DBBA-C882-4143-8D67-52F6313222E1,N,"Overview, N00371 Visit 1. Interior detail.
",Overview of N00371 Visit 1,Photo 7-4-2022 8.17.49 AM.jpg,35.47707,27.683008,2022-10-20T20:47:18.197Z,2022-11-10T13:58:05.902Z,,,,,,,,"[""Overview""]",[],video,"{""id"":106,""name"":""B1F9DBBA-C882-4143-8D67-52F6313222E1.jpg"",""alternativeText"":""B1F9DBBA-C882-4143-8D67-52F6313222E1.jpg"",""caption"":""B1F9DBBA-C882-4143-8D67-52F6313222E1.jpg"",""width"":1050,""height"":787,""formats"":{""large"":{""ext"":"".jpg"",""url"":""/uploads/large_B1_F9_DBBA_C882_4143_8_D67_52_F6313222_E1_192e6100cb.jpg"",""hash"":""large_B1_F9_DBBA_C882_4143_8_D67_52_F6313222_E1_192e6100cb"",""mime"":""image/jpeg"",""name"":""large_B1F9DBBA-C882-4143-8D67-52F6313222E1.jpg"",""path"":null,""size"":252.11,""width"":1000,""height"":750},""small"":{""ext"":"".jpg"",""url"":""/uploads/small_B1_F9_DBBA_C882_4143_8_D67_52_F6313222_E1_192e6100cb.jpg"",""hash"":""small_B1_F9_DBBA_C882_4143_8_D67_52_F6313222_E1_192e6100cb"",""mime"":""image/jpeg"",""name"":""small_B1F9DBBA-C882-4143-8D67-52F6313222E1.jpg"",""path"":null,""size"":71.16,""width"":500,""height"":375},""medium"":{""ext"":"".jpg"",""url"":""/uploads/medium_B1_F9_DBBA_C882_4143_8_D67_52_F6313222_E1_192e6100cb.jpg"",""hash"":""medium_B1_F9_DBBA_C882_4143_8_D67_52_F6313222_E1_192e6100cb"",""mime"":""image/jpeg"",""name"":""medium_B1F9DBBA-C882-4143-8D67-52F6313222E1.jpg"",""path"":null,""size"":152.73,""width"":750,""height"":562},""thumbnail"":{""ext"":"".jpg"",""url"":""/uploads/thumbnail_B1_F9_DBBA_C882_4143_8_D67_52_F6313222_E1_192e6100cb.jpg"",""hash"":""thumbnail_B1_F9_DBBA_C882_4143_8_D67_52_F6313222_E1_192e6100cb"",""mime"":""image/jpeg"",""name"":""thumbnail_B1F9DBBA-C882-4143-8D67-52F6313222E1.jpg"",""path"":null,""size"":13.4,""width"":209,""height"":156}},""hash"":""B1_F9_DBBA_C882_4143_8_D67_52_F6313222_E1_192e6100cb"",""ext"":"".jpg"",""mime"":""image/jpeg"",""size"":281.76,""url"":""/uploads/B1_F9_DBBA_C882_4143_8_D67_52_F6313222_E1_192e6100cb.jpg"",""previewUrl"":null,""provider"":""local"",""provider_metadata"":null,""folderPath"":""/"",""createdAt"":""2022-10-14T21:09:54.809Z"",""updatedAt"":""2022-10-14T21:09:54.809Z""}"
83,D8F6E6FE-DA74-46EA-8808-72B2FE92248B,SE,"Overview, N00331 Visit 1. Piles outside shaft 4 containing human remains.
",Disturbance Overview of N00331 Visit 1,Photo 7-6-2022 8.32.21 AM.jpg,35.17993,28.091253,2022-10-19T23:51:18.480Z,2022-11-10T14:00:33.669Z,,,,,,,,"[""Disturbance Overview""]",[],video,"{""id"":122,""name"":""D8F6E6FE-DA74-46EA-8808-72B2FE92248B.jpg"",""alternativeText"":""D8F6E6FE-DA74-46EA-8808-72B2FE92248B.jpg"",""caption"":""D8F6E6FE-DA74-46EA-8808-72B2FE92248B.jpg"",""width"":1050,""height"":787,""formats"":{""large"":{""ext"":"".jpg"",""url"":""/uploads/large_D8_F6_E6_FE_DA_74_46_EA_8808_72_B2_FE_92248_B_9c28693c29.jpg"",""hash"":""large_D8_F6_E6_FE_DA_74_46_EA_8808_72_B2_FE_92248_B_9c28693c29"",""mime"":""image/jpeg"",""name"":""large_D8F6E6FE-DA74-46EA-8808-72B2FE92248B.jpg"",""path"":null,""size"":293.5,""width"":1000,""height"":750},""small"":{""ext"":"".jpg"",""url"":""/uploads/small_D8_F6_E6_FE_DA_74_46_EA_8808_72_B2_FE_92248_B_9c28693c29.jpg"",""hash"":""small_D8_F6_E6_FE_DA_74_46_EA_8808_72_B2_FE_92248_B_9c28693c29"",""mime"":""image/jpeg"",""name"":""small_D8F6E6FE-DA74-46EA-8808-72B2FE92248B.jpg"",""path"":null,""size"":76.99,""width"":500,""height"":375},""medium"":{""ext"":"".jpg"",""url"":""/uploads/medium_D8_F6_E6_FE_DA_74_46_EA_8808_72_B2_FE_92248_B_9c28693c29.jpg"",""hash"":""medium_D8_F6_E6_FE_DA_74_46_EA_8808_72_B2_FE_92248_B_9c28693c29"",""mime"":""image/jpeg"",""name"":""medium_D8F6E6FE-DA74-46EA-8808-72B2FE92248B.jpg"",""path"":null,""size"":173.54,""width"":750,""height"":562},""thumbnail"":{""ext"":"".jpg"",""url"":""/uploads/thumbnail_D8_F6_E6_FE_DA_74_46_EA_8808_72_B2_FE_92248_B_9c28693c29.jpg"",""hash"":""thumbnail_D8_F6_E6_FE_DA_74_46_EA_8808_72_B2_FE_92248_B_9c28693c29"",""mime"":""image/jpeg"",""name"":""thumbnail_D8F6E6FE-DA74-46EA-8808-72B2FE92248B.jpg"",""path"":null,""size"":12.64,""width"":209,""height"":156}},""hash"":""D8_F6_E6_FE_DA_74_46_EA_8808_72_B2_FE_92248_B_9c28693c29"",""ext"":"".jpg"",""mime"":""image/jpeg"",""size"":330.46,""url"":""/uploads/D8_F6_E6_FE_DA_74_46_EA_8808_72_B2_FE_92248_B_9c28693c29.jpg"",""previewUrl"":null,""provider"":""local"",""provider_metadata"":null,""folderPath"":""/"",""createdAt"":""2022-10-14T21:09:56.987Z"",""updatedAt"":""2022-10-14T21:09:56.987Z""}"
45,967752BB-F90C-42EC-A7A1-305D0889CC0C,S,"Overview, N00282 Visit 1
",Feature Overview of N00282 Visit 1,Photo 7-11-2022 2.26.01 PM.jpg,34.802988,28.453512,2022-10-19T17:34:26.218Z,2022-11-10T14:01:42.976Z,,,,,,,,"[""Feature Overview""]",[],video,"{""id"":31,""name"":""967752BB-F90C-42EC-A7A1-305D0889CC0C.jpg"",""alternativeText"":""967752BB-F90C-42EC-A7A1-305D0889CC0C.jpg"",""caption"":""967752BB-F90C-42EC-A7A1-305D0889CC0C.jpg"",""width"":1050,""height"":788,""formats"":{""large"":{""ext"":"".jpg"",""url"":""/uploads/large_967752_BB_F90_C_42_EC_A7_A1_305_D0889_CC_0_C_fa5efa0655.jpg"",""hash"":""large_967752_BB_F90_C_42_EC_A7_A1_305_D0889_CC_0_C_fa5efa0655"",""mime"":""image/jpeg"",""name"":""large_967752BB-F90C-42EC-A7A1-305D0889CC0C.jpg"",""path"":null,""size"":169.81,""width"":1000,""height"":750},""small"":{""ext"":"".jpg"",""url"":""/uploads/small_967752_BB_F90_C_42_EC_A7_A1_305_D0889_CC_0_C_fa5efa0655.jpg"",""hash"":""small_967752_BB_F90_C_42_EC_A7_A1_305_D0889_CC_0_C_fa5efa0655"",""mime"":""image/jpeg"",""name"":""small_967752BB-F90C-42EC-A7A1-305D0889CC0C.jpg"",""path"":null,""size"":42.58,""width"":500,""height"":375},""medium"":{""ext"":"".jpg"",""url"":""/uploads/medium_967752_BB_F90_C_42_EC_A7_A1_305_D0889_CC_0_C_fa5efa0655.jpg"",""hash"":""medium_967752_BB_F90_C_42_EC_A7_A1_305_D0889_CC_0_C_fa5efa0655"",""mime"":""image/jpeg"",""name"":""medium_967752BB-F90C-42EC-A7A1-305D0889CC0C.jpg"",""path"":null,""size"":98.11,""width"":750,""height"":563},""thumbnail"":{""ext"":"".jpg"",""url"":""/uploads/thumbnail_967752_BB_F90_C_42_EC_A7_A1_305_D0889_CC_0_C_fa5efa0655.jpg"",""hash"":""thumbnail_967752_BB_F90_C_42_EC_A7_A1_305_D0889_CC_0_C_fa5efa0655"",""mime"":""image/jpeg"",""name"":""thumbnail_967752BB-F90C-42EC-A7A1-305D0889CC0C.jpg"",""path"":null,""size"":7.44,""width"":207,""height"":156}},""hash"":""967752_BB_F90_C_42_EC_A7_A1_305_D0889_CC_0_C_fa5efa0655"",""ext"":"".jpg"",""mime"":""image/jpeg"",""size"":192.43,""url"":""/uploads/967752_BB_F90_C_42_EC_A7_A1_305_D0889_CC_0_C_fa5efa0655.jpg"",""previewUrl"":null,""provider"":""local"",""provider_metadata"":null,""folderPath"":""/"",""createdAt"":""2022-10-14T21:09:43.491Z"",""updatedAt"":""2022-10-14T21:09:43.491Z""}"
2,1BB2A48C-B3B2-4EA9-BC2B-3E96A1A7989C,,Location Map,Location Map of N00320 Birkat Aynuna ––– بركة قناة عَيْنُونَا,N320.jpg,,,2022-10-17T20:25:32.543Z,2022-11-10T13:53:53.632Z,,,,,,,,"[""Location Map""]",[],video,"{""id"":98,""name"":""1BB2A48C-B3B2-4EA9-BC2B-3E96A1A7989C.jpg"",""alternativeText"":""1BB2A48C-B3B2-4EA9-BC2B-3E96A1A7989C.jpg"",""caption"":""1BB2A48C-B3B2-4EA9-BC2B-3E96A1A7989C.jpg"",""width"":1050,""height"":1013,""formats"":{""large"":{""ext"":"".jpg"",""url"":""/uploads/large_1_BB_2_A48_C_B3_B2_4_EA_9_BC_2_B_3_E96_A1_A7989_C_7648af5b5a.jpg"",""hash"":""large_1_BB_2_A48_C_B3_B2_4_EA_9_BC_2_B_3_E96_A1_A7989_C_7648af5b5a"",""mime"":""image/jpeg"",""name"":""large_1BB2A48C-B3B2-4EA9-BC2B-3E96A1A7989C.jpg"",""path"":null,""size"":118.33,""width"":1000,""height"":965},""small"":{""ext"":"".jpg"",""url"":""/uploads/small_1_BB_2_A48_C_B3_B2_4_EA_9_BC_2_B_3_E96_A1_A7989_C_7648af5b5a.jpg"",""hash"":""small_1_BB_2_A48_C_B3_B2_4_EA_9_BC_2_B_3_E96_A1_A7989_C_7648af5b5a"",""mime"":""image/jpeg"",""name"":""small_1BB2A48C-B3B2-4EA9-BC2B-3E96A1A7989C.jpg"",""path"":null,""size"":41.15,""width"":500,""height"":482},""medium"":{""ext"":"".jpg"",""url"":""/uploads/medium_1_BB_2_A48_C_B3_B2_4_EA_9_BC_2_B_3_E96_A1_A7989_C_7648af5b5a.jpg"",""hash"":""medium_1_BB_2_A48_C_B3_B2_4_EA_9_BC_2_B_3_E96_A1_A7989_C_7648af5b5a"",""mime"":""image/jpeg"",""name"":""medium_1BB2A48C-B3B2-4EA9-BC2B-3E96A1A7989C.jpg"",""path"":null,""size"":76.84,""width"":750,""height"":724},""thumbnail"":{""ext"":"".jpg"",""url"":""/uploads/thumbnail_1_BB_2_A48_C_B3_B2_4_EA_9_BC_2_B_3_E96_A1_A7989_C_7648af5b5a.jpg"",""hash"":""thumbnail_1_BB_2_A48_C_B3_B2_4_EA_9_BC_2_B_3_E96_A1_A7989_C_7648af5b5a"",""mime"":""image/jpeg"",""name"":""thumbnail_1BB2A48C-B3B2-4EA9-BC2B-3E96A1A7989C.jpg"",""path"":null,""size"":6.4,""width"":162,""height"":156}},""hash"":""1_BB_2_A48_C_B3_B2_4_EA_9_BC_2_B_3_E96_A1_A7989_C_7648af5b5a"",""ext"":"".jpg"",""mime"":""image/jpeg"",""size"":130.45,""url"":""/uploads/1_BB_2_A48_C_B3_B2_4_EA_9_BC_2_B_3_E96_A1_A7989_C_7648af5b5a.jpg"",""previewUrl"":null,""provider"":""local"",""provider_metadata"":null,""folderPath"":""/"",""createdAt"":""2022-10-14T21:09:53.710Z"",""updatedAt"":""2022-10-14T21:09:53.710Z""}"
122,EDC17965-7718-4F34-842A-BEEC322BE5CA,NW,"Overview, N00334 Visit 1. Site overview.
",Overview of N00334 Visit 1,Photo 7-8-2022 8.58.31 AM.jpg,35.18187,28.092181,2022-10-20T20:31:48.244Z,2022-11-10T13:41:43.262Z,,,,,,,,"[""Overview""]",[],video,"{""id"":87,""name"":""EDC17965-7718-4F34-842A-BEEC322BE5CA.jpg"",""alternativeText"":""EDC17965-7718-4F34-842A-BEEC322BE5CA.jpg"",""caption"":""EDC17965-7718-4F34-842A-BEEC322BE5CA.jpg"",""width"":1050,""height"":788,""formats"":{""large"":{""ext"":"".jpg"",""url"":""/uploads/large_EDC_17965_7718_4_F34_842_A_BEEC_322_BE_5_CA_9acb8c9324.jpg"",""hash"":""large_EDC_17965_7718_4_F34_842_A_BEEC_322_BE_5_CA_9acb8c9324"",""mime"":""image/jpeg"",""name"":""large_EDC17965-7718-4F34-842A-BEEC322BE5CA.jpg"",""path"":null,""size"":214.3,""width"":1000,""height"":750},""small"":{""ext"":"".jpg"",""url"":""/uploads/small_EDC_17965_7718_4_F34_842_A_BEEC_322_BE_5_CA_9acb8c9324.jpg"",""hash"":""small_EDC_17965_7718_4_F34_842_A_BEEC_322_BE_5_CA_9acb8c9324"",""mime"":""image/jpeg"",""name"":""small_EDC17965-7718-4F34-842A-BEEC322BE5CA.jpg"",""path"":null,""size"":54.1,""width"":500,""height"":375},""medium"":{""ext"":"".jpg"",""url"":""/uploads/medium_EDC_17965_7718_4_F34_842_A_BEEC_322_BE_5_CA_9acb8c9324.jpg"",""hash"":""medium_EDC_17965_7718_4_F34_842_A_BEEC_322_BE_5_CA_9acb8c9324"",""mime"":""image/jpeg"",""name"":""medium_EDC17965-7718-4F34-842A-BEEC322BE5CA.jpg"",""path"":null,""size"":124.2,""width"":750,""height"":563},""thumbnail"":{""ext"":"".jpg"",""url"":""/uploads/thumbnail_EDC_17965_7718_4_F34_842_A_BEEC_322_BE_5_CA_9acb8c9324.jpg"",""hash"":""thumbnail_EDC_17965_7718_4_F34_842_A_BEEC_322_BE_5_CA_9acb8c9324"",""mime"":""image/jpeg"",""name"":""thumbnail_EDC17965-7718-4F34-842A-BEEC322BE5CA.jpg"",""path"":null,""size"":8.78,""width"":207,""height"":156}},""hash"":""EDC_17965_7718_4_F34_842_A_BEEC_322_BE_5_CA_9acb8c9324"",""ext"":"".jpg"",""mime"":""image/jpeg"",""size"":243.67,""url"":""/uploads/EDC_17965_7718_4_F34_842_A_BEEC_322_BE_5_CA_9acb8c9324.jpg"",""previewUrl"":null,""provider"":""local"",""provider_metadata"":null,""folderPath"":""/"",""createdAt"":""2022-10-14T21:09:52.156Z"",""updatedAt"":""2022-10-14T21:09:52.156Z""}"
130,B1F9DBBA-C882-4143-8D67-52F6313222E1,N,"Overview, N00371 Visit 1. Interior detail.
",Overview of N00371 Visit 1,Photo 7-4-2022 8.17.49 AM.jpg,35.47707,27.683008,2022-10-20T20:47:18.197Z,2022-11-10T13:58:05.902Z,,,,,,,,"[""Overview""]",[],video,"{""id"":106,""name"":""B1F9DBBA-C882-4143-8D67-52F6313222E1.jpg"",""alternativeText"":""B1F9DBBA-C882-4143-8D67-52F6313222E1.jpg"",""caption"":""B1F9DBBA-C882-4143-8D67-52F6313222E1.jpg"",""width"":1050,""height"":787,""formats"":{""large"":{""ext"":"".jpg"",""url"":""/uploads/large_B1_F9_DBBA_C882_4143_8_D67_52_F6313222_E1_192e6100cb.jpg"",""hash"":""large_B1_F9_DBBA_C882_4143_8_D67_52_F6313222_E1_192e6100cb"",""mime"":""image/jpeg"",""name"":""large_B1F9DBBA-C882-4143-8D67-52F6313222E1.jpg"",""path"":null,""size"":252.11,""width"":1000,""height"":750},""small"":{""ext"":"".jpg"",""url"":""/uploads/small_B1_F9_DBBA_C882_4143_8_D67_52_F6313222_E1_192e6100cb.jpg"",""hash"":""small_B1_F9_DBBA_C882_4143_8_D67_52_F6313222_E1_192e6100cb"",""mime"":""image/jpeg"",""name"":""small_B1F9DBBA-C882-4143-8D67-52F6313222E1.jpg"",""path"":null,""size"":71.16,""width"":500,""height"":375},""medium"":{""ext"":"".jpg"",""url"":""/uploads/medium_B1_F9_DBBA_C882_4143_8_D67_52_F6313222_E1_192e6100cb.jpg"",""hash"":""medium_B1_F9_DBBA_C882_4143_8_D67_52_F6313222_E1_192e6100cb"",""mime"":""image/jpeg"",""name"":""medium_B1F9DBBA-C882-4143-8D67-52F6313222E1.jpg"",""path"":null,""size"":152.73,""width"":750,""height"":562},""thumbnail"":{""ext"":"".jpg"",""url"":""/uploads/thumbnail_B1_F9_DBBA_C882_4143_8_D67_52_F6313222_E1_192e6100cb.jpg"",""hash"":""thumbnail_B1_F9_DBBA_C882_4143_8_D67_52_F6313222_E1_192e6100cb"",""mime"":""image/jpeg"",""name"":""thumbnail_B1F9DBBA-C882-4143-8D67-52F6313222E1.jpg"",""path"":null,""size"":13.4,""width"":209,""height"":156}},""hash"":""B1_F9_DBBA_C882_4143_8_D67_52_F6313222_E1_192e6100cb"",""ext"":"".jpg"",""mime"":""image/jpeg"",""size"":281.76,""url"":""/uploads/B1_F9_DBBA_C882_4143_8_D67_52_F6313222_E1_192e6100cb.jpg"",""previewUrl"":null,""provider"":""local"",""provider_metadata"":null,""folderPath"":""/"",""createdAt"":""2022-10-14T21:09:54.809Z"",""updatedAt"":""2022-10-14T21:09:54.809Z""}"
83,D8F6E6FE-DA74-46EA-8808-72B2FE92248B,SE,"Overview, N00331 Visit 1. Piles outside shaft 4 containing human remains.
",Disturbance Overview of N00331 Visit 1,Photo 7-6-2022 8.32.21 AM.jpg,35.17993,28.091253,2022-10-19T23:51:18.480Z,2022-11-10T14:00:33.669Z,,,,,,,,"[""Disturbance Overview""]",[],video,"{""id"":122,""name"":""D8F6E6FE-DA74-46EA-8808-72B2FE92248B.jpg"",""alternativeText"":""D8F6E6FE-DA74-46EA-8808-72B2FE92248B.jpg"",""caption"":""D8F6E6FE-DA74-46EA-8808-72B2FE92248B.jpg"",""width"":1050,""height"":787,""formats"":{""large"":{""ext"":"".jpg"",""url"":""/uploads/large_D8_F6_E6_FE_DA_74_46_EA_8808_72_B2_FE_92248_B_9c28693c29.jpg"",""hash"":""large_D8_F6_E6_FE_DA_74_46_EA_8808_72_B2_FE_92248_B_9c28693c29"",""mime"":""image/jpeg"",""name"":""large_D8F6E6FE-DA74-46EA-8808-72B2FE92248B.jpg"",""path"":null,""size"":293.5,""width"":1000,""height"":750},""small"":{""ext"":"".jpg"",""url"":""/uploads/small_D8_F6_E6_FE_DA_74_46_EA_8808_72_B2_FE_92248_B_9c28693c29.jpg"",""hash"":""small_D8_F6_E6_FE_DA_74_46_EA_8808_72_B2_FE_92248_B_9c28693c29"",""mime"":""image/jpeg"",""name"":""small_D8F6E6FE-DA74-46EA-8808-72B2FE92248B.jpg"",""path"":null,""size"":76.99,""width"":500,""height"":375},""medium"":{""ext"":"".jpg"",""url"":""/uploads/medium_D8_F6_E6_FE_DA_74_46_EA_8808_72_B2_FE_92248_B_9c28693c29.jpg"",""hash"":""medium_D8_F6_E6_FE_DA_74_46_EA_8808_72_B2_FE_92248_B_9c28693c29"",""mime"":""image/jpeg"",""name"":""medium_D8F6E6FE-DA74-46EA-8808-72B2FE92248B.jpg"",""path"":null,""size"":173.54,""width"":750,""height"":562},""thumbnail"":{""ext"":"".jpg"",""url"":""/uploads/thumbnail_D8_F6_E6_FE_DA_74_46_EA_8808_72_B2_FE_92248_B_9c28693c29.jpg"",""hash"":""thumbnail_D8_F6_E6_FE_DA_74_46_EA_8808_72_B2_FE_92248_B_9c28693c29"",""mime"":""image/jpeg"",""name"":""thumbnail_D8F6E6FE-DA74-46EA-8808-72B2FE92248B.jpg"",""path"":null,""size"":12.64,""width"":209,""height"":156}},""hash"":""D8_F6_E6_FE_DA_74_46_EA_8808_72_B2_FE_92248_B_9c28693c29"",""ext"":"".jpg"",""mime"":""image/jpeg"",""size"":330.46,""url"":""/uploads/D8_F6_E6_FE_DA_74_46_EA_8808_72_B2_FE_92248_B_9c28693c29.jpg"",""previewUrl"":null,""provider"":""local"",""provider_metadata"":null,""folderPath"":""/"",""createdAt"":""2022-10-14T21:09:56.987Z"",""updatedAt"":""2022-10-14T21:09:56.987Z""}"
45,967752BB-F90C-42EC-A7A1-305D0889CC0C,S,"Overview, N00282 Visit 1
",Feature Overview of N00282 Visit 1,Photo 7-11-2022 2.26.01 PM.jpg,34.802988,28.453512,2022-10-19T17:34:26.218Z,2022-11-10T14:01:42.976Z,,,,,,,,"[""Feature Overview""]",[],video,"{""id"":31,""name"":""967752BB-F90C-42EC-A7A1-305D0889CC0C.jpg"",""alternativeText"":""967752BB-F90C-42EC-A7A1-305D0889CC0C.jpg"",""caption"":""967752BB-F90C-42EC-A7A1-305D0889CC0C.jpg"",""width"":1050,""height"":788,""formats"":{""large"":{""ext"":"".jpg"",""url"":""/uploads/large_967752_BB_F90_C_42_EC_A7_A1_305_D0889_CC_0_C_fa5efa0655.jpg"",""hash"":""large_967752_BB_F90_C_42_EC_A7_A1_305_D0889_CC_0_C_fa5efa0655"",""mime"":""image/jpeg"",""name"":""large_967752BB-F90C-42EC-A7A1-305D0889CC0C.jpg"",""path"":null,""size"":169.81,""width"":1000,""height"":750},""small"":{""ext"":"".jpg"",""url"":""/uploads/small_967752_BB_F90_C_42_EC_A7_A1_305_D0889_CC_0_C_fa5efa0655.jpg"",""hash"":""small_967752_BB_F90_C_42_EC_A7_A1_305_D0889_CC_0_C_fa5efa0655"",""mime"":""image/jpeg"",""name"":""small_967752BB-F90C-42EC-A7A1-305D0889CC0C.jpg"",""path"":null,""size"":42.58,""width"":500,""height"":375},""medium"":{""ext"":"".jpg"",""url"":""/uploads/medium_967752_BB_F90_C_42_EC_A7_A1_305_D0889_CC_0_C_fa5efa0655.jpg"",""hash"":""medium_967752_BB_F90_C_42_EC_A7_A1_305_D0889_CC_0_C_fa5efa0655"",""mime"":""image/jpeg"",""name"":""medium_967752BB-F90C-42EC-A7A1-305D0889CC0C.jpg"",""path"":null,""size"":98.11,""width"":750,""height"":563},""thumbnail"":{""ext"":"".jpg"",""url"":""/uploads/thumbnail_967752_BB_F90_C_42_EC_A7_A1_305_D0889_CC_0_C_fa5efa0655.jpg"",""hash"":""thumbnail_967752_BB_F90_C_42_EC_A7_A1_305_D0889_CC_0_C_fa5efa0655"",""mime"":""image/jpeg"",""name"":""thumbnail_967752BB-F90C-42EC-A7A1-305D0889CC0C.jpg"",""path"":null,""size"":7.44,""width"":207,""height"":156}},""hash"":""967752_BB_F90_C_42_EC_A7_A1_305_D0889_CC_0_C_fa5efa0655"",""ext"":"".jpg"",""mime"":""image/jpeg"",""size"":192.43,""url"":""/uploads/967752_BB_F90_C_42_EC_A7_A1_305_D0889_CC_0_C_fa5efa0655.jpg"",""previewUrl"":null,""provider"":""local"",""provider_metadata"":null,""folderPath"":""/"",""createdAt"":""2022-10-14T21:09:43.491Z"",""updatedAt"":""2022-10-14T21:09:43.491Z""}"
2,1BB2A48C-B3B2-4EA9-BC2B-3E96A1A7989C,,Location Map,Location Map of N00320 Birkat Aynuna ––– بركة قناة عَيْنُونَا,N320.jpg,,,2022-10-17T20:25:32.543Z,2022-11-10T13:53:53.632Z,,,,,,,,"[""Location Map""]",[],video,"{""id"":98,""name"":""1BB2A48C-B3B2-4EA9-BC2B-3E96A1A7989C.jpg"",""alternativeText"":""1BB2A48C-B3B2-4EA9-BC2B-3E96A1A7989C.jpg"",""caption"":""1BB2A48C-B3B2-4EA9-BC2B-3E96A1A7989C.jpg"",""width"":1050,""height"":1013,""formats"":{""large"":{""ext"":"".jpg"",""url"":""/uploads/large_1_BB_2_A48_C_B3_B2_4_EA_9_BC_2_B_3_E96_A1_A7989_C_7648af5b5a.jpg"",""hash"":""large_1_BB_2_A48_C_B3_B2_4_EA_9_BC_2_B_3_E96_A1_A7989_C_7648af5b5a"",""mime"":""image/jpeg"",""name"":""large_1BB2A48C-B3B2-4EA9-BC2B-3E96A1A7989C.jpg"",""path"":null,""size"":118.33,""width"":1000,""height"":965},""small"":{""ext"":"".jpg"",""url"":""/uploads/small_1_BB_2_A48_C_B3_B2_4_EA_9_BC_2_B_3_E96_A1_A7989_C_7648af5b5a.jpg"",""hash"":""small_1_BB_2_A48_C_B3_B2_4_EA_9_BC_2_B_3_E96_A1_A7989_C_7648af5b5a"",""mime"":""image/jpeg"",""name"":""small_1BB2A48C-B3B2-4EA9-BC2B-3E96A1A7989C.jpg"",""path"":null,""size"":41.15,""width"":500,""height"":482},""medium"":{""ext"":"".jpg"",""url"":""/uploads/medium_1_BB_2_A48_C_B3_B2_4_EA_9_BC_2_B_3_E96_A1_A7989_C_7648af5b5a.jpg"",""hash"":""medium_1_BB_2_A48_C_B3_B2_4_EA_9_BC_2_B_3_E96_A1_A7989_C_7648af5b5a"",""mime"":""image/jpeg"",""name"":""medium_1BB2A48C-B3B2-4EA9-BC2B-3E96A1A7989C.jpg"",""path"":null,""size"":76.84,""width"":750,""height"":724},""thumbnail"":{""ext"":"".jpg"",""url"":""/uploads/thumbnail_1_BB_2_A48_C_B3_B2_4_EA_9_BC_2_B_3_E96_A1_A7989_C_7648af5b5a.jpg"",""hash"":""thumbnail_1_BB_2_A48_C_B3_B2_4_EA_9_BC_2_B_3_E96_A1_A7989_C_7648af5b5a"",""mime"":""image/jpeg"",""name"":""thumbnail_1BB2A48C-B3B2-4EA9-BC2B-3E96A1A7989C.jpg"",""path"":null,""size"":6.4,""width"":162,""height"":156}},""hash"":""1_BB_2_A48_C_B3_B2_4_EA_9_BC_2_B_3_E96_A1_A7989_C_7648af5b5a"",""ext"":"".jpg"",""mime"":""image/jpeg"",""size"":130.45,""url"":""/uploads/1_BB_2_A48_C_B3_B2_4_EA_9_BC_2_B_3_E96_A1_A7989_C_7648af5b5a.jpg"",""previewUrl"":null,""provider"":""local"",""provider_metadata"":null,""folderPath"":""/"",""createdAt"":""2022-10-14T21:09:53.710Z"",""updatedAt"":""2022-10-14T21:09:53.710Z""}"
122,EDC17965-7718-4F34-842A-BEEC322BE5CA,NW,"Overview, N00334 Visit 1. Site overview.
",Overview of N00334 Visit 1,Photo 7-8-2022 8.58.31 AM.jpg,35.18187,28.092181,2022-10-20T20:31:48.244Z,2022-11-10T13:41:43.262Z,,,,,,,,"[""Overview""]",[],video,"{""id"":87,""name"":""EDC17965-7718-4F34-842A-BEEC322BE5CA.jpg"",""alternativeText"":""EDC17965-7718-4F34-842A-BEEC322BE5CA.jpg"",""caption"":""EDC17965-7718-4F34-842A-BEEC322BE5CA.jpg"",""width"":1050,""height"":788,""formats"":{""large"":{""ext"":"".jpg"",""url"":""/uploads/large_EDC_17965_7718_4_F34_842_A_BEEC_322_BE_5_CA_9acb8c9324.jpg"",""hash"":""large_EDC_17965_7718_4_F34_842_A_BEEC_322_BE_5_CA_9acb8c9324"",""mime"":""image/jpeg"",""name"":""large_EDC17965-7718-4F34-842A-BEEC322BE5CA.jpg"",""path"":null,""size"":214.3,""width"":1000,""height"":750},""small"":{""ext"":"".jpg"",""url"":""/uploads/small_EDC_17965_7718_4_F34_842_A_BEEC_322_BE_5_CA_9acb8c9324.jpg"",""hash"":""small_EDC_17965_7718_4_F34_842_A_BEEC_322_BE_5_CA_9acb8c9324"",""mime"":""image/jpeg"",""name"":""small_EDC17965-7718-4F34-842A-BEEC322BE5CA.jpg"",""path"":null,""size"":54.1,""width"":500,""height"":375},""medium"":{""ext"":"".jpg"",""url"":""/uploads/medium_EDC_17965_7718_4_F34_842_A_BEEC_322_BE_5_CA_9acb8c9324.jpg"",""hash"":""medium_EDC_17965_7718_4_F34_842_A_BEEC_322_BE_5_CA_9acb8c9324"",""mime"":""image/jpeg"",""name"":""medium_EDC17965-7718-4F34-842A-BEEC322BE5CA.jpg"",""path"":null,""size"":124.2,""width"":750,""height"":563},""thumbnail"":{""ext"":"".jpg"",""url"":""/uploads/thumbnail_EDC_17965_7718_4_F34_842_A_BEEC_322_BE_5_CA_9acb8c9324.jpg"",""hash"":""thumbnail_EDC_17965_7718_4_F34_842_A_BEEC_322_BE_5_CA_9acb8c9324"",""mime"":""image/jpeg"",""name"":""thumbnail_EDC17965-7718-4F34-842A-BEEC322BE5CA.jpg"",""path"":null,""size"":8.78,""width"":207,""height"":156}},""hash"":""EDC_17965_7718_4_F34_842_A_BEEC_322_BE_5_CA_9acb8c9324"",""ext"":"".jpg"",""mime"":""image/jpeg"",""size"":243.67,""url"":""/uploads/EDC_17965_7718_4_F34_842_A_BEEC_322_BE_5_CA_9acb8c9324.jpg"",""previewUrl"":null,""provider"":""local"",""provider_metadata"":null,""folderPath"":""/"",""createdAt"":""2022-10-14T21:09:52.156Z"",""updatedAt"":""2022-10-14T21:09:52.156Z""}"
130,B1F9DBBA-C882-4143-8D67-52F6313222E1,N,"Overview, N00371 Visit 1. Interior detail.
",Overview of N00371 Visit 1,Photo 7-4-2022 8.17.49 AM.jpg,35.47707,27.683008,2022-10-20T20:47:18.197Z,2022-11-10T13:58:05.902Z,,,,,,,,"[""Overview""]",[],video,"{""id"":106,""name"":""B1F9DBBA-C882-4143-8D67-52F6313222E1.jpg"",""alternativeText"":""B1F9DBBA-C882-4143-8D67-52F6313222E1.jpg"",""caption"":""B1F9DBBA-C882-4143-8D67-52F6313222E1.jpg"",""width"":1050,""height"":787,""formats"":{""large"":{""ext"":"".jpg"",""url"":""/uploads/large_B1_F9_DBBA_C882_4143_8_D67_52_F6313222_E1_192e6100cb.jpg"",""hash"":""large_B1_F9_DBBA_C882_4143_8_D67_52_F6313222_E1_192e6100cb"",""mime"":""image/jpeg"",""name"":""large_B1F9DBBA-C882-4143-8D67-52F6313222E1.jpg"",""path"":null,""size"":252.11,""width"":1000,""height"":750},""small"":{""ext"":"".jpg"",""url"":""/uploads/small_B1_F9_DBBA_C882_4143_8_D67_52_F6313222_E1_192e6100cb.jpg"",""hash"":""small_B1_F9_DBBA_C882_4143_8_D67_52_F6313222_E1_192e6100cb"",""mime"":""image/jpeg"",""name"":""small_B1F9DBBA-C882-4143-8D67-52F6313222E1.jpg"",""path"":null,""size"":71.16,""width"":500,""height"":375},""medium"":{""ext"":"".jpg"",""url"":""/uploads/medium_B1_F9_DBBA_C882_4143_8_D67_52_F6313222_E1_192e6100cb.jpg"",""hash"":""medium_B1_F9_DBBA_C882_4143_8_D67_52_F6313222_E1_192e6100cb"",""mime"":""image/jpeg"",""name"":""medium_B1F9DBBA-C882-4143-8D67-52F6313222E1.jpg"",""path"":null,""size"":152.73,""width"":750,""height"":562},""thumbnail"":{""ext"":"".jpg"",""url"":""/uploads/thumbnail_B1_F9_DBBA_C882_4143_8_D67_52_F6313222_E1_192e6100cb.jpg"",""hash"":""thumbnail_B1_F9_DBBA_C882_4143_8_D67_52_F6313222_E1_192e6100cb"",""mime"":""image/jpeg"",""name"":""thumbnail_B1F9DBBA-C882-4143-8D67-52F6313222E1.jpg"",""path"":null,""size"":13.4,""width"":209,""height"":156}},""hash"":""B1_F9_DBBA_C882_4143_8_D67_52_F6313222_E1_192e6100cb"",""ext"":"".jpg"",""mime"":""image/jpeg"",""size"":281.76,""url"":""/uploads/B1_F9_DBBA_C882_4143_8_D67_52_F6313222_E1_192e6100cb.jpg"",""previewUrl"":null,""provider"":""local"",""provider_metadata"":null,""folderPath"":""/"",""createdAt"":""2022-10-14T21:09:54.809Z"",""updatedAt"":""2022-10-14T21:09:54.809Z""}"
83,D8F6E6FE-DA74-46EA-8808-72B2FE92248B,SE,"Overview, N00331 Visit 1. Piles outside shaft 4 containing human remains.
",Disturbance Overview of N00331 Visit 1,Photo 7-6-2022 8.32.21 AM.jpg,35.17993,28.091253,2022-10-19T23:51:18.480Z,2022-11-10T14:00:33.669Z,,,,,,,,"[""Disturbance Overview""]",[],video,"{""id"":122,""name"":""D8F6E6FE-DA74-46EA-8808-72B2FE92248B.jpg"",""alternativeText"":""D8F6E6FE-DA74-46EA-8808-72B2FE92248B.jpg"",""caption"":""D8F6E6FE-DA74-46EA-8808-72B2FE92248B.jpg"",""width"":1050,""height"":787,""formats"":{""large"":{""ext"":"".jpg"",""url"":""/uploads/large_D8_F6_E6_FE_DA_74_46_EA_8808_72_B2_FE_92248_B_9c28693c29.jpg"",""hash"":""large_D8_F6_E6_FE_DA_74_46_EA_8808_72_B2_FE_92248_B_9c28693c29"",""mime"":""image/jpeg"",""name"":""large_D8F6E6FE-DA74-46EA-8808-72B2FE92248B.jpg"",""path"":null,""size"":293.5,""width"":1000,""height"":750},""small"":{""ext"":"".jpg"",""url"":""/uploads/small_D8_F6_E6_FE_DA_74_46_EA_8808_72_B2_FE_92248_B_9c28693c29.jpg"",""hash"":""small_D8_F6_E6_FE_DA_74_46_EA_8808_72_B2_FE_92248_B_9c28693c29"",""mime"":""image/jpeg"",""name"":""small_D8F6E6FE-DA74-46EA-8808-72B2FE92248B.jpg"",""path"":null,""size"":76.99,""width"":500,""height"":375},""medium"":{""ext"":"".jpg"",""url"":""/uploads/medium_D8_F6_E6_FE_DA_74_46_EA_8808_72_B2_FE_92248_B_9c28693c29.jpg"",""hash"":""medium_D8_F6_E6_FE_DA_74_46_EA_8808_72_B2_FE_92248_B_9c28693c29"",""mime"":""image/jpeg"",""name"":""medium_D8F6E6FE-DA74-46EA-8808-72B2FE92248B.jpg"",""path"":null,""size"":173.54,""width"":750,""height"":562},""thumbnail"":{""ext"":"".jpg"",""url"":""/uploads/thumbnail_D8_F6_E6_FE_DA_74_46_EA_8808_72_B2_FE_92248_B_9c28693c29.jpg"",""hash"":""thumbnail_D8_F6_E6_FE_DA_74_46_EA_8808_72_B2_FE_92248_B_9c28693c29"",""mime"":""image/jpeg"",""name"":""thumbnail_D8F6E6FE-DA74-46EA-8808-72B2FE92248B.jpg"",""path"":null,""size"":12.64,""width"":209,""height"":156}},""hash"":""D8_F6_E6_FE_DA_74_46_EA_8808_72_B2_FE_92248_B_9c28693c29"",""ext"":"".jpg"",""mime"":""image/jpeg"",""size"":330.46,""url"":""/uploads/D8_F6_E6_FE_DA_74_46_EA_8808_72_B2_FE_92248_B_9c28693c29.jpg"",""previewUrl"":null,""provider"":""local"",""provider_metadata"":null,""folderPath"":""/"",""createdAt"":""2022-10-14T21:09:56.987Z"",""updatedAt"":""2022-10-14T21:09:56.987Z""}"
45,967752BB-F90C-42EC-A7A1-305D0889CC0C,S,"Overview, N00282 Visit 1
",Feature Overview of N00282 Visit 1,Photo 7-11-2022 2.26.01 PM.jpg,34.802988,28.453512,2022-10-19T17:34:26.218Z,2022-11-10T14:01:42.976Z,,,,,,,,"[""Feature Overview""]",[],video,"{""id"":31,""name"":""967752BB-F90C-42EC-A7A1-305D0889CC0C.jpg"",""alternativeText"":""967752BB-F90C-42EC-A7A1-305D0889CC0C.jpg"",""caption"":""967752BB-F90C-42EC-A7A1-305D0889CC0C.jpg"",""width"":1050,""height"":788,""formats"":{""large"":{""ext"":"".jpg"",""url"":""/uploads/large_967752_BB_F90_C_42_EC_A7_A1_305_D0889_CC_0_C_fa5efa0655.jpg"",""hash"":""large_967752_BB_F90_C_42_EC_A7_A1_305_D0889_CC_0_C_fa5efa0655"",""mime"":""image/jpeg"",""name"":""large_967752BB-F90C-42EC-A7A1-305D0889CC0C.jpg"",""path"":null,""size"":169.81,""width"":1000,""height"":750},""small"":{""ext"":"".jpg"",""url"":""/uploads/small_967752_BB_F90_C_42_EC_A7_A1_305_D0889_CC_0_C_fa5efa0655.jpg"",""hash"":""small_967752_BB_F90_C_42_EC_A7_A1_305_D0889_CC_0_C_fa5efa0655"",""mime"":""image/jpeg"",""name"":""small_967752BB-F90C-42EC-A7A1-305D0889CC0C.jpg"",""path"":null,""size"":42.58,""width"":500,""height"":375},""medium"":{""ext"":"".jpg"",""url"":""/uploads/medium_967752_BB_F90_C_42_EC_A7_A1_305_D0889_CC_0_C_fa5efa0655.jpg"",""hash"":""medium_967752_BB_F90_C_42_EC_A7_A1_305_D0889_CC_0_C_fa5efa0655"",""mime"":""image/jpeg"",""name"":""medium_967752BB-F90C-42EC-A7A1-305D0889CC0C.jpg"",""path"":null,""size"":98.11,""width"":750,""height"":563},""thumbnail"":{""ext"":"".jpg"",""url"":""/uploads/thumbnail_967752_BB_F90_C_42_EC_A7_A1_305_D0889_CC_0_C_fa5efa0655.jpg"",""hash"":""thumbnail_967752_BB_F90_C_42_EC_A7_A1_305_D0889_CC_0_C_fa5efa0655"",""mime"":""image/jpeg"",""name"":""thumbnail_967752BB-F90C-42EC-A7A1-305D0889CC0C.jpg"",""path"":null,""size"":7.44,""width"":207,""height"":156}},""hash"":""967752_BB_F90_C_42_EC_A7_A1_305_D0889_CC_0_C_fa5efa0655"",""ext"":"".jpg"",""mime"":""image/jpeg"",""size"":192.43,""url"":""/uploads/967752_BB_F90_C_42_EC_A7_A1_305_D0889_CC_0_C_fa5efa0655.jpg"",""previewUrl"":null,""provider"":""local"",""provider_metadata"":null,""folderPath"":""/"",""createdAt"":""2022-10-14T21:09:43.491Z"",""updatedAt"":""2022-10-14T21:09:43.491Z""}"
